id,twitterid,tag,lat,long,tweet,tagnr,id2,region
0,8.37611E+17,vvd,52.3731,4.8922, Do you know about Hidden treasures around  I found this so cute! so I shared on the app SALEAPP.� https://t.co/vVdGbAX7Hz,0,0,1
1,8.37655E+17,d66,52.3042326,4.7491698, @derickr @D66 ik zou zeggen @KeesVee maar wellicht zijn er ook nog andere kandidaten?,100,1,13
2,8.3768E+17,sp,52.37886324,4.89953724, And another day to (sp)end gigging in #amsterdamSo another building to show  before going for� https://t.co/0zrMfFgwDB,300,2,4
3,8.37742E+17,d66,52.3836967,4.8721767, Het (oud)-raadsleden diner van #D66Bijpraten en daarna weer campagne! @ M�t Smaak https://t.co/di6ZiS15HM,100,3,9
4,8.37766E+17,vvd,52.3591188,4.916442, P 1 Reanimatie (13GG02) Kastanjeweg   Oosterpark Amsterdam [ 13VVD ] https://t.co/hmojrQT7xV #p2000,0,4,14
5,8.37769E+17,cu,52.3731,4.8922, Zo deden we dat. @gertjansegers plakken op  de verkiezingsborden. In Noord en centrum.� https://t.co/C3egh2kRLZ,400,5,6
6,8.37779E+17,vvd,52.45336378,4.9663591, Brugwachters @ProvincieNH : allemaal flex. Bestuur NH: VVD  CDA  D66 en PvdA. #Nieuwsuur,0,6,14
7,8.3778E+17,pvda,52.45351432,4.96647151, @GrasYvonne nee nu nog Asschertijd :-),600,7,0
8,8.37784E+17,pvda,52.45324187,4.96660631, @HenkvanBerkum @Nieuwsuur in defensief gedwongen Asscher,600,8,5
9,8.37789E+17,sgp,52.45351909,4.96648188, @ArjenRonner daar leest Van der Staaij het nieuws,800,9,4
10,8.37854E+17,pvv,52.3,4.7, And of course we do love ???roses and especially #davidaustin  #roses? @ Haarlemmermeer � https://t.co/gLMpVvEtDf,700,10,13
11,8.37968E+17,d66,52.34882519,4.87738491, Zaterdag campagnedag!! #stemd66 #? #goedonderwijs @ De Beethovenstraat https://t.co/iOkoEzB6Yv,100,11,12
12,8.38018E+17,pvda,52.36970843,4.85097976, Election time  11 days before. #pvda #stem #elections #netherlands #march15 @ Mercatorplein https://t.co/03zryRU0Xh,600,12,3
13,8.38019E+17,pvv,52.3731,4.8922, #wilderswillenwelnee #gewild #wild #willen #waarom #hoedan #dusdat� https://t.co/pZij2RwQwc,700,13,11
14,8.3807E+17,gl,52.45339717,4.96657261, @JohanLok1 @PietvanMourik @BasEickhout de gemiddelde leeftijd is niet zo'n probleem hoor bij @groenlinks :-),200,14,4
15,8.38114E+17,gl,52.4534323,4.96638768, Vandaag ging GroenLinks praten met de boer op Marken https://t.co/QEWggkB3NY,200,15,8
16,8.38323E+17,sgp,52.3092179,4.76354161, Sunday workday. #airportlife #schiphol #airport #amsterdam #netherlands #europe #guy #dutch� https://t.co/sGP6TgveS6,800,16,13
17,8.38331E+17,sgp,52.318571,4.843613, Uitslagen Phanos Boscross/Runnersworld NK Cross  Amstelveen: https://t.co/FyV4sgpUua,800,17,0
18,8.38396E+17,sgp,52.34271368,4.88914619, #SIMARINE #PICOAdvanced #Battery Monitorwith Real-Time Battery Health� functionHighly� https://t.co/1qHSgPc3bx,800,18,0
19,8.38471E+17,pvda,52.36240836,4.9038221, Asscher krijgt nog even uitleg over de knoppen #carredebat #politiek #verkiezingen #15maart2017� https://t.co/xcLVgMAgN0,600,19,10
20,8.3849E+17,sp,52.3612998,4.8767679, A1 13178 Rit 27363 Amsterdam Roemer Visscherstraat 1054EV 1 Hotel Owl https://t.co/5fEqOGXXKk #p2000,300,20,6
21,8.38492E+17,gl,52.45352427,4.96655762, @JeroendeGlas @diederiktencate @jesseklaver @groenlinks illustratief,200,21,14
22,8.38496E+17,50p,52.4535242,4.96649392, @angarant dat interview met Krol,900,22,0
23,8.38516E+17,pvda,52.38267,4.87083, Doing bumpout with ASSCHER! @ De Buurman Amsterdam https://t.co/zAZnubcfVW,600,23,13
24,8.38541E+17,50p,52.32220343,4.95691674, Ik heb helemaal niks met 50PLUS maar Henk Krol heeft het Carr�-debat net wel even gemurderd hoor.,900,24,0
25,8.38665E+17,gl,52.26062288,4.64813654, @janneke_eigeman @groenlinks jazeker! Wij waren zaterdag nog praten met de boer https://t.co/LcMmwFG5Mu,200,25,13
26,8.38684E+17,vvd,52.3731,4.8922, Take me back ?Hello ma #teamsagesse?   avez-vous vu ma derni�re vid�o sur mon s�jour �� https://t.co/bbs9jqMvvd,0,26,12
27,8.38709E+17,sp,52.3617584,4.8781814, A1 13162 Rit 27565 Amsterdam Roemer Visscherstraat 1054EX 10 Hotel Roemer Visscher https://t.co/t8ZvsuNThd #p2000,300,27,6
28,8.38748E+17,50p,52.3420837,4.8384711, Die matroos moet overboord gegooid worden en Krol was een BAAS. #debatgemist #spuitelf,900,28,13
29,8.3888E+17,gl,52.45347333,4.96677107, @NickyvWanrooij verkiezingsprogramma GroenLinks zegt 16 jaar. Dat is wat telt.,200,29,14
30,8.39026E+17,gl,52.3632789,4.9000349, De stadsgezichten van Henk Hofstra hangen bij Lunchcaf� Klaver 4 in de Utrechtsestraat 69 in� https://t.co/O0hfyykk2y,200,30,5
31,8.3907E+17,sp,52.362222,4.91266366, AMSTERDAM: Nav winkeldiefstal  Sarphatistraat  zoeken wij een getinte man  170 lang  blauwe muts  grijze jas  sp https://t.co/dRoVF3B0Mr,300,31,8
32,8.39126E+17,gl,52.4543788,5.03727109, En weer een zetel erbij voor GroenLinks in de peiling van vandaag.,200,32,14
33,8.39179E+17,gl,52.45352653,4.96655616, En ook bij Maurice de Hond weer een extra zetel voor GroenLinks. We staan nu op 18.,200,33,4
34,8.39382E+17,cda,52.45353402,4.96656488, Buma op de radio. Denkt niet dat kilometerheffing technisch mogelijk is maar gelooft wel in zelfrijdende auto's.,500,34,0
35,8.39414E+17,sgp,52.3731,4.8922, Ein heftig entspannter Urlaub  #HNKJ ? #amsterdam #amsterdamcity #netherlands #traveltheworld� https://t.co/ZAKPSGPFiE,800,35,0
36,8.39758E+17,gl,52.31235718,4.94404142, Opboux De Meetup @groenlinks (at @AFASLive in Amsterdam  Noord-Holland) https://t.co/oDtXeXLcku https://t.co/AflEcMMmNR,200,36,12
37,8.39825E+17,cu,52.41582261,4.89990234, NL |  Homoseksuelen welkom bij de ChristenUnie https://t.co/Ro18ol7CX1,400,37,8
38,8.39845E+17,cda,52.30148314,4.63170179, #schoolzwemmen (@ Sportcomplex Koning Willem-Alexander - @hvdsport) https://t.co/vDBOOJiuZu https://t.co/cDaboLBUbG,500,38,9
39,8.39859E+17,cu,52.37722611,4.89824219," #Egaylity -  Homoseksuelen welkom bij de ChristenUnie -�""Iedereen die bij een open bijbel politiek wil bedrijven en� https://t.co/e7C8ER19yj",400,39,5
40,8.39859E+17,cu,52.44168021,4.90868926," #Egaylity -  Homoseksuelen welkom bij de ChristenUnie -�""Iedereen die bij een open bijbel politiek wil bedrijven en� https://t.co/6ebzVmZyOD",400,40,14
41,8.39859E+17,cu,52.37722611,4.89824219," #Egaylity -  Homoseksuelen welkom bij de ChristenUnie -�""Iedereen die bij een open bijbel politiek wil bedrijven en� https://t.co/vP4iJGcjxG",400,41,4
42,8.39871E+17,cu,52.39398971,4.88725586," NL |  Homoseksuelen welkom bij de ChristenUnie -�""Iedereen die bij een open bijbel politiek wil bedrijven en lid is� https://t.co/NZzA3tzyE6",400,42,8
43,8.39886E+17,gl,52.31232,4.9442199, Gearriveerd bij AFAS Live voor de meetup van #GroenLinks! #Klaver #stemvoorverandering� https://t.co/cVgioya9tc,200,43,12
44,8.3992E+17,gl,52.31232,4.9442199, Groen rechts  groen links. Applaus! ?#groenlinks #jesse #letsdothis @ AFAS Live https://t.co/u4josBJL7c,200,44,4
45,8.3992E+17,gl,52.31235718,4.94404142, We the people. #Klaver (at @AFASLive in Amsterdam  Noord-Holland) https://t.co/DQ2TI905O4,200,45,3
46,8.39932E+17,cda,52.207715,4.861057, AX UnitTest: testStatusUpdate with location - Latitude 52 21 Longitude 4 86 - D7375E1D-0547-47E1-82C2-CDAE1C9BE9D3,500,46,9
47,8.40198E+17,cda,52.37733,4.91732, Spring vibes ?? #friday #selfie #officelife #springvibes #sunnyday #miyagiIn the listening� https://t.co/6ZMGWwCcDA,500,47,12
48,8.40199E+17,vvd,52.4380655,4.8292739, Als je niet wilt dat de #VVD gaat regeren moet je zeker niet op het #CDA of #D66 stemmen,0,48,7
49,8.40212E+17,vvd,52.3349075,4.8731634, B1 13117 Rit 29380 Amsterdam De Boelelaan 1081HV 1117 VU 5D Holding cardiologie https://t.co/SHJvVDx7l9 #p2000,0,49,7
50,8.40245E+17,gl,52.45346863,4.96655616," ""Klaver was gisteren fenomenaal. Je hoopt dat je in de toekomst zes Klavers hebt in de politiek.� https://t.co/SFgT0hWLi1",200,50,4
51,8.40248E+17,gl,52.3324135,4.9136925, Verkiezingsdebat wearehere met groenlinksamsterdam @rutgergrootwassink @ Stichting Noodzaak https://t.co/MhrwCkc7as,200,51,14
52,8.40257E+17,d66,52.3324135,4.9136925, Verkiezingsdebat wearehere met groenlinksamsterdam @rutgergrootwassink Artikel1 en D66 @� https://t.co/MhrwCkc7as,100,52,9
53,8.40369E+17,gl,52.36597257,4.89661693, professional groenlinks fangirl / memer @ RTL Late Night at NH Schiller Hotel https://t.co/aBq9W7Solk,200,53,7
54,8.40371E+17,gl,52.36597257,4.89661693, professional groenlinks fangirl / memer @ RTL Late Night at NH Schiller Hotel https://t.co/8WL0EZG8C8,200,54,10
55,8.40471E+17,cu,52.36792726,4.85509803, John Angoh. That voice!#blessed #gospel #CUinactie #amsterdamchristenunie johnangoh� https://t.co/kq8zyjzWJ1,400,55,7
56,8.40472E+17,cu,52.36792726,4.85509803, Quas G powerrrrr . Wouw!#gospel #rap #CUinactie christenunie @quasg @ Maranatha Ministries� https://t.co/xGuHdbFefJ,400,56,7
57,8.40522E+17,d66,52.36666667,4.88333333, Birthday girl ??? #PardonMyFrenchAmy #bloggergirl #fashionblogger #lifestyle #breakfast� https://t.co/Isz3kDkd66,100,57,6
58,8.40564E+17,cu,52.39398971,4.88725586," MWNL -  Homoseksuelen welkom bij de ChristenUnie -�""Iedereen die bij een open bijbel politiek wil bedrijven en lid� https://t.co/boK7w2Zgc1",400,58,5
59,8.40566E+17,d66,52.357611,4.881619, Women's March met de liefste @meltemd66 �n zelfgemaakt bordjes ? #womensmarch @ Museumplein https://t.co/4wbuCBfCZR,100,59,10
60,8.40602E+17,sp,52.3612998,4.8767679, A1 13102 Rit 29829 Amsterdam Roemer Visscherstraat https://t.co/NOFQnD1Hdo #p2000,300,60,13
61,8.40612E+17,sgp,52.3731,4.8922, With my Dutch cutie @steph_sbeih ? Thank you so much for showing us your favorite spots in town!� https://t.co/AlsGpM36Qq,800,61,0
62,8.40621E+17,sgp,52.3395753,4.8732716, A1 13161 Rit 29847 Amsterdam Zuidplein 1077XV 10 Metro Amsterdam Zuid https://t.co/brIXJSgpUr #p2000,800,62,0
63,8.40644E+17,cu,52.31373012,4.95127529, Mooie actie  flink veel CU-blauw en samen met o.a. @gertjansegers (1) Joel Voordewind (3) en� https://t.co/GODgJbHin4,400,63,9
64,8.40904E+17,vvd,52.3445294,4.7837182, P 2 Dier in nood (13GG04) (Hond)   Zwarte Pad Amsterdam [ 13VVD ] https://t.co/GLBqoCn58Q #p2000,0,64,7
65,8.40911E+17,cu,52.37387263,4.90373535," MWNL -  Homoseksuelen welkom bij de ChristenUnie -�""Iedereen die bij een open bijbel politiek wil bedrijven en lid� https://t.co/1K4c3s7jo9",400,65,12
66,8.41001E+17,d66,52.310833,4.8325, #?????. ?????? ???? ? ????) @ Amsterdamse Bos https://t.co/9EbjbuD66c,100,66,9
67,8.41243E+17,sgp,52.3092179,4.76354161, Thank you for everything. @ Amsterdam Airport Schiphol https://t.co/QD39SGPb9r,800,67,13
68,8.4134E+17,vvd,52.4532144,4.96625928, De breuk tussen Wilders en Rutte zit beiden nog hoog.,0,68,14
69,8.41347E+17,gl,52.45329324,4.96621636, Ik zou voor @groenlinks gaan.,200,69,14
70,8.4135E+17,pvv,52.34123,4.88991, Al dat gezeik over de PVV en die opgefokte Turken. En die verschrikkelijke honger op de wereld.� https://t.co/rnRx1Xp8n9,700,70,10
71,8.41414E+17,cda,52.45302702,4.96589839, Alle problemen verdwijnen volgens het CDA als iedereen 1 paspoort heeft. #penj,500,71,8
72,8.42486E+17,gl,52.3731,4.8932, ? Europa League? Van Barneveld? Camiel Eurlings? IJburg? GroenLinks2017/3/16 22:14 CET #trndnl https://t.co/tOVVBU3TJP,200,72,8
73,8.42495E+17,sgp,52.3731,4.8922, ? @ Amsterdam  Netherlands https://t.co/usgpnymYWn,800,73,0
74,8.42534E+17,pvda,52.3731,4.8932, Trend Alert: 'PvdA'. More trends at https://t.co/tOVVBU3TJP #trndnl https://t.co/S3zq0syO3x,600,74,0
75,8.42536E+17,pvda,52.3731,4.8932, ? Van Gerwen? Boef? #rtl7darts? #munros? PvdA2017/3/17 01:31 CET #trndnl https://t.co/tOVVBU3TJP,600,75,3
76,8.42541E+17,pvda,52.3731,4.8932, ? Boef? #Eurlings? #tk17? PvdA? Edith Schippers2017/3/17 01:56 CET #trndnl https://t.co/tOVVBU3TJP,600,76,3
77,8.42546E+17,pvda,52.3731,4.8932, ? Boef? #Eurlings? #tk17? PvdA? Edith Schippers2017/3/17 02:17 CET #trndnl https://t.co/tOVVBU3TJP,600,77,3
78,8.42551E+17,pvda,52.3731,4.8932, ? Boef? #tk17? PvdA? Edith Schippers? #uitslagenavond2017/3/17 02:31 CET #trndnl https://t.co/tOVVBU3TJP,600,78,11
79,8.42556E+17,pvda,52.3731,4.8932, ? Boef? #tk17? PvdA? Edith Schippers? #uitslagenavond2017/3/17 02:51 CET #trndnl https://t.co/tOVVBU3TJP,600,79,5
80,8.42561E+17,pvda,52.3731,4.8932, ? Boef? #tk17? PvdA? Edith Schippers? #uitslagenavond2017/3/17 03:11 CET #trndnl https://t.co/tOVVBU3TJP,600,80,0
81,8.42566E+17,pvda,52.3731,4.8932, ? Boef? #tk17? PvdA? Edith Schippers? #uitslagenavond2017/3/17 03:36 CET #trndnl https://t.co/tOVVBU3TJP,600,81,8
82,8.42571E+17,pvda,52.3731,4.8932, ? Boef? #tk17? PvdA? Edith Schippers? Baudet2017/3/17 03:56 CET #trndnl https://t.co/tOVVBU3TJP,600,82,0
83,8.42576E+17,pvda,52.3731,4.8932, ? Boef? #tk17? PvdA? Edith Schippers? Baudet2017/3/17 04:16 CET #trndnl https://t.co/tOVVBU3TJP,600,83,2
84,8.42581E+17,pvda,52.3731,4.8932, ? Boef? #tk17? PvdA? #gestemd? Edith Schippers2017/3/17 04:37 CET #trndnl https://t.co/tOVVBU3TJP,600,84,3
85,8.42586E+17,pvda,52.3731,4.8932, ? Boef? #tk17? PvdA? #gestemd? Edith Schippers2017/3/17 04:57 CET #trndnl https://t.co/tOVVBU3TJP,600,85,5
86,8.42591E+17,pvda,52.3731,4.8932, ? Boef? #tk17? PvdA? #gestemd? Edith Schippers2017/3/17 05:17 CET #trndnl https://t.co/tOVVBU3TJP,600,86,5
87,8.42601E+17,pvda,52.3731,4.8932, Trend Alert: #PvdA. More trends at https://t.co/tOVVBU3TJP #trndnl https://t.co/D7ifSdXHVS,600,87,1
88,8.42601E+17,pvda,52.3731,4.8932, ? Boef? #tk17? #gestemd? #PvdA? Edith Schippers2017/3/17 05:57 CET #trndnl https://t.co/tOVVBU3TJP,600,88,2
89,8.42606E+17,pvda,52.3731,4.8932, ? Boef? #tk17? #gestemd? #PvdA? Edith Schippers2017/3/17 06:12 CET #trndnl https://t.co/tOVVBU3TJP,600,89,6
90,8.42611E+17,pvda,52.3731,4.8932, ? Boef? #tk17? #gestemd? #PvdA? Edith Schippers2017/3/17 06:36 CET #trndnl https://t.co/tOVVBU3TJP,600,90,4
91,8.42617E+17,pvda,52.3731,4.8932, ? Boef? #tk17? #gestemd? #PvdA? Edith Schippers2017/3/17 06:46 CET #trndnl https://t.co/tOVVBU3TJP,600,91,11
92,8.42622E+17,pvda,52.3731,4.8932, ? #tk17? #gestemd? #PvdA? Edith Schippers? Denk2017/3/17 07:16 CET #trndnl https://t.co/tOVVBU3TJP,600,92,11
93,8.42627E+17,pvda,52.3731,4.8932, ? Boef? #rtl7darts? #tk17? PvdA? Edith Schippers2017/3/17 07:32 CET #trndnl https://t.co/tOVVBU3TJP,600,93,0
94,8.42632E+17,pvda,52.3731,4.8932, ? Camiel Eurlings? #tk17? #ajakop? PvdA? #gestemd2017/3/17 07:51 CET #trndnl https://t.co/tOVVBU3TJP,600,94,0
95,8.42637E+17,pvda,52.3731,4.8932, ? PvdA? Denk? #EuropaLeague? Baudet? Besiktas2017/3/17 08:16 CET #trndnl https://t.co/tOVVBU3TJP,600,95,10
96,8.42642E+17,pvda,52.3731,4.8932, ? PvdA? #gestemd? Baudet? Besiktas? GroenLinks2017/3/17 08:36 CET #trndnl https://t.co/tOVVBU3TJP,600,96,3
97,8.42647E+17,pvda,52.3731,4.8932, ? #tk2017? PvdA? Denk? Baudet? Tweede Kamer2017/3/17 08:51 CET #trndnl https://t.co/tOVVBU3TJP,600,97,6
98,8.42652E+17,pvda,52.3731,4.8932, ? PvdA? #gestemd? Denk? Baudet? Tweede Kamer2017/3/17 09:11 CET #trndnl https://t.co/tOVVBU3TJP,600,98,8
99,8.42657E+17,pvda,52.3731,4.8932, ? #tk2017? PvdA? Denk? Baudet? Tweede Kamer2017/3/17 09:36 CET #trndnl https://t.co/tOVVBU3TJP,600,99,7
100,8.42658E+17,gl,52.3731,4.8932, Did you know that 'GroenLinks' was Trending Topic on Thursday 16 for 13 hours in Netherlands? https://t.co/XA6zcFatNZ #trndnl,200,100,4
101,8.42662E+17,pvda,52.3731,4.8932, ? #tk2017? PvdA? Denk? Baudet? Tweede Kamer2017/3/17 09:56 CET #trndnl https://t.co/tOVVBU3TJP,600,101,11
102,8.42667E+17,pvda,52.3731,4.8932, ? #ajakop? PvdA? DENK? Baudet? Tweede Kamer2017/3/17 10:16 CET #trndnl https://t.co/tOVVBU3TJP,600,102,5
103,8.42672E+17,gl,52.3731,4.8932, ? #ajakop? DENK? Baudet? Tweede Kamer? GroenLinks2017/3/17 10:31 CET #trndnl https://t.co/tOVVBU3TJP,200,103,2
104,8.42677E+17,gl,52.3731,4.8932, ? #Matchday? #WorldSleepDay? DENK? Baudet? GroenLinks2017/3/17 10:51 CET #trndnl https://t.co/tOVVBU3TJP,200,104,10
105,8.42685E+17,pvda,52.3731,4.8932, Trend Alert: 'PvdA'er Ad Melkert'. More trends at https://t.co/tOVVBU3TJP #trndnl https://t.co/6oihPfa6Uu,600,105,5
106,8.42687E+17,pvda,52.3731,4.8932, ? PvdA'er Ad Melkert? Rotterdams? #spexit? Chrome? #appdevcon2017/3/17 11:31 CET #trndnl https://t.co/tOVVBU3TJP,600,106,8
107,8.42692E+17,pvda,52.3731,4.8932, ? PvdA'er Ad Melkert? Chrome? Rotterdams? #spexit? #appdevcon2017/3/17 11:57 CET #trndnl https://t.co/tOVVBU3TJP,600,107,3
108,8.42697E+17,pvda,52.3731,4.8932, ? Nicolette Kluijver? The Daily Show? PvdA'er Ad Melkert? Chrome? Rotterdams2017/3/17 12:11 CET #trndnl https://t.co/tOVVBU3TJP,600,108,10
109,8.42702E+17,pvda,52.3731,4.8932, ? Nieuw-West? #vbhc? PvdA'er Ad Melkert? #appdevcon? Chrome2017/3/17 12:36 CET #trndnl https://t.co/tOVVBU3TJP,600,109,5
110,8.42707E+17,pvda,52.3731,4.8932, ? Nieuw-West? #vbhc? #appdevcon? PvdA'er Ad Melkert? Chrome2017/3/17 12:52 CET #trndnl https://t.co/tOVVBU3TJP,600,110,11
111,8.42712E+17,pvda,52.3731,4.8932, ? #avscongres? #WorldSleepDay? #vbhc? PvdA'er Ad Melkert? Chrome2017/3/17 13:17 CET #trndnl https://t.co/tOVVBU3TJP,600,111,3
112,8.4273E+17,cda,52.3731,4.8932, @KamranUllah Did you know that 'CDA 25' was Trending Topic for 2 hours? ? https://t.co/XA6zcESSWr @NederPiet #trndnl,500,112,5
113,8.4273E+17,vvd,52.3731,4.8932, @dw_europe Did you know that 'VVD 32' was Trending Topic for 2 hours? ? https://t.co/XA6zcFatNZ @EWdeVlieger #trndnl,0,113,4
114,8.4273E+17,pvv,52.3731,4.8932, @Martinbosma_pvv Did you know that 'Wijnand Duyvendak' was Trending Topic for 4 hours? ? https://t.co/XA6zcFatNZ @Dawn30The #trndnl,700,114,2
115,8.4273E+17,vvd,52.3731,4.8932, @EWdeVlieger Did you know that 'VVD 33' was Trending Topic for 6 hours? ? https://t.co/XA6zcFatNZ #trndnl,0,115,2
116,8.42793E+17,gl,52.3731,4.8932, 'GroenLinks' appeared on Thursday 16 at the 7th place in the Top20 of Netherlands's Trends: https://t.co/XA6zcFatNZ #trndnl,200,116,2
117,8.42829E+17,gl,52.3731,4.8932, ? GroenLinks-kandidaat Isabelle Diks met voorkeurstemmen in Tweede Kamer https://t.co/M7gMtJuiUA,200,117,7
118,8.42844E+17,gl,52.3731,4.8932, ? GroenLinks-kandidaat Isabelle Diks met voorkeurstemmen in Tweede Kamer https://t.co/ApaaHmwPuH,200,118,1
119,8.42849E+17,pvda,52.36171324,4.90066954, Zou de #PvdA zich ook realiseren dat door het brede politieke landschap hun ruif volledig is leeggeroofd? Daar onvoldoende op geanticipeerd?,600,119,0
120,8.42855E+17,cda,52.38421,4.90288, Out for a drink. @ A'DAM Lookout https://t.co/7MFWcdaiyY,500,120,12
121,8.42983E+17,pvda,52.3731,4.8932, Trend Alert: 'PvdA-voorzitter Spekman'. More trends at https://t.co/tOVVBU3TJP #trndnl https://t.co/Z2YSxp1ufU,600,121,5
122,8.42983E+17,pvda,52.3731,4.8932, @dekoran1 the 1st mention of 'PvdA-voorzitter Spekman' appears on your TL. Now is Trending Topic in Netherlands! #trndnl,600,122,1
123,8.42983E+17,pvda,52.3731,4.8932, 235 users and 240 tweets (203 RTs) in 5 days made 'PvdA-voorzitter Spekman' a Trending Topic in Netherlands. #trndnl,600,123,11
124,8.42983E+17,pvda,52.3731,4.8932, 2 575 120 people could have seen 'PvdA-voorzitter Spekman' since its 1st mention until it became a Trending Topic. #trndnl,600,124,3
125,8.42983E+17,pvda,52.3731,4.8932, #Top3Apps for 'PvdA-voorzitter Spekman'Twitter Web Client 17%Twitter for iPhone 15%IFTTT 12%,600,125,5
126,8.42983E+17,pvda,52.3731,4.8932, The tweet with the most impact of the 'PvdA-voorzitter Spekman' Trend  was published by @RTLnieuws: https://t.co/ZBDjUOSAc5 (135 RTs),600,126,0
127,8.42983E+17,pvda,52.3731,4.8932, 5 verified accounts helped to turn 'PvdA-voorzitter Spekman' into a Trending Topic. Some of them: @NUnl  @vrtderedactie &amp; @RTLnieuws,600,127,2
128,8.42984E+17,pvda,52.3731,4.8932, ? #SwallaVideo? Sharon Dijksma? #TheOriginals? #rodtwe? PvdA-voorzitter Spekman2017/3/18 07:11 CET #trndnl https://t.co/tOVVBU3TJP,600,128,0
129,8.42989E+17,pvda,52.3731,4.8932, ? #SwallaVideo? Sharon Dijksma? #TheOriginals? #rodtwe? PvdA-voorzitter Spekman2017/3/18 07:36 CET #trndnl https://t.co/tOVVBU3TJP,600,129,11
130,8.4299E+17,pvda,52.3731,4.8932, Did you know that 'PvdA' was Trending Topic on Friday 17 for 14 hours in Netherlands? https://t.co/pTTE8CDyOF #trndnl,600,130,5
131,8.42994E+17,pvda,52.3731,4.8932, ? #SwallaVideo? Sharon Dijksma? #TheOriginals? #rodtwe? PvdA-voorzitter Spekman2017/3/18 07:56 CET #trndnl https://t.co/tOVVBU3TJP,600,131,6
132,8.42999E+17,pvda,52.3731,4.8932, ? #echtepostiscool? #StPatricksDay? #tostigate? #PvdA? De Ligt2017/3/18 08:16 CET #trndnl https://t.co/tOVVBU3TJP,600,132,2
133,8.43004E+17,pvda,52.3731,4.8932, ? #echtepostiscool? #tostigate? #PvdA? #TK17? #dorvvv2017/3/18 08:36 CET #trndnl https://t.co/tOVVBU3TJP,600,133,13
134,8.43009E+17,pvda,52.3731,4.8932, ? #echtepostiscool? #tostigate? #PvdA? #TK17? #dorvvv2017/3/18 08:56 CET #trndnl https://t.co/tOVVBU3TJP,600,134,2
135,8.43014E+17,pvda,52.3731,4.8932, ? #echtepostiscool? #matchday? #tostigate? #PvdA? #dorvvv2017/3/18 09:16 CET #trndnl https://t.co/tOVVBU3TJP,600,135,13
136,8.43018E+17,d66,52.3731,4.8922, Another beautiful day! #amsterdam #jvlifestyle @ Amsterdam  Netherlands https://t.co/D66ub66VYz,100,136,9
137,8.43049E+17,pvv,52.3731,4.8922, Friozinho  chuvinha...Mas bom... � Amsteram n�?#amsterdam #holanda #netherlands @� https://t.co/hapVvvsb9T,700,137,0
138,8.43069E+17,d66,52.36993215,4.89030348, @ Amsterdam https://t.co/IdpdMd66NR,100,138,11
139,8.43185E+17,vvd,52.3731,4.8932, Trend Alert: 'Aan Mark Rutte'. More trends at https://t.co/tOVVBU3TJP #trndnl https://t.co/DMt0LCcBkn,0,139,9
140,8.43185E+17,vvd,52.3731,4.8932, @JeltjevanHouten the 1st mention of 'Aan Mark Rutte' appears on your TL. Now is Trending Topic in Netherlands! #trndnl,0,140,1
141,8.43185E+17,vvd,52.3731,4.8932, 101 users and 102 tweets (88 RTs) in 22 hours made 'Aan Mark Rutte' a Trending Topic in Netherlands. #trndnl,0,141,9
142,8.43185E+17,vvd,52.3731,4.8932, 75 919 people could have seen 'Aan Mark Rutte' since its 1st mention until it became a Trending Topic. #trndnl,0,142,1
143,8.43185E+17,vvd,52.3731,4.8932, #Top3Apps for 'Aan Mark Rutte'Twitter for Android 33%Twitter for iPhone 27%Twitter Web Client 27%,0,143,4
144,8.43185E+17,vvd,52.3731,4.8932, The tweet with the most impact of the 'Aan Mark Rutte' Trend  was published by @GerritHiemstra: https://t.co/43qL9IPc42 (38 RTs) #trndnl,0,144,1
145,8.43185E+17,vvd,52.3731,4.8932, ? #kassatv? Sagan? Chelsea? Zwitserland? Aan Mark Rutte2017/3/18 20:31 CET #trndnl https://t.co/tOVVBU3TJP,0,145,3
146,8.4319E+17,vvd,52.3731,4.8932, ? Bas Dost? Sagan? Chelsea? Pieter Derks? Aan Mark Rutte2017/3/18 20:56 CET #trndnl https://t.co/tOVVBU3TJP,0,146,2
147,8.43195E+17,vvd,52.3731,4.8932, ? Bas Dost? Pieter Derks? Sagan? Chelsea? Aan Mark Rutte2017/3/18 21:16 CET #trndnl https://t.co/tOVVBU3TJP,0,147,10
148,8.432E+17,vvd,52.3731,4.8932, ? Bas Dost? Pieter Derks? Sagan? Chelsea? Aan Mark Rutte2017/3/18 21:31 CET #trndnl https://t.co/tOVVBU3TJP,0,148,12
149,8.43205E+17,vvd,52.3731,4.8932, ? Pieter Derks? Bas Dost? Sagan? Aan Mark Rutte? Tijmen Eising2017/3/18 21:51 CET #trndnl https://t.co/tOVVBU3TJP,0,149,0
150,8.4321E+17,vvd,52.3731,4.8932, ? Pieter Derks? Bas Dost? Roger Federer? Sagan? Aan Mark Rutte2017/3/18 22:16 CET #trndnl https://t.co/tOVVBTMiSh,0,150,4
151,8.43226E+17,vvd,52.3731,4.8932, ? Pieter Derks? Bas Dost? Indian Wells? Zakaria Labyad? Aan Mark Rutte2017/3/18 23:16 CET #trndnl https://t.co/tOVVBU3TJP,0,151,4
152,8.43231E+17,vvd,52.3731,4.8932, ? #necutr? Pieter Derks? Bas Dost? Indian Wells? Aan Mark Rutte2017/3/18 23:31 CET #trndnl https://t.co/tOVVBU3TJP,0,152,10
153,8.43392E+17,pvv,52.3731,4.8932, ? #necutr? Heracles? Bas Dost? Arsenal? Wilders-kiezers2017/3/19 10:15 CET #trndnl https://t.co/tOVVBU3TJP,700,153,3
154,8.43392E+17,pvv,52.3731,4.8932, Trend Alert: 'Wilders-kiezers'. More trends at https://t.co/tOVVBU3TJP #trndnl https://t.co/yXiZXFpPno,700,154,0
155,8.43442E+17,vvd,52.45358074,4.96708342, @AlexBekker75 eens  en daarvoor moet je bij de VVD zijn  toevalligerwijs de partij van jullie wethouder wonen ;-),0,155,4
156,8.43457E+17,cda,52.37807,4.90118, ik heb al een tijdje geen q&amp;a gedaan dus: stel je leukste en meest orginele vragen ? @ Station� https://t.co/SWInQWcdak,500,156,0
157,8.43467E+17,gl,52.45341285,4.96658214, @HenkvanBerkum klinkt als @groenlinks,200,157,14
158,8.43529E+17,cda,52.3731,4.8932, Trend Alert: 'CDA-senator Oomen'. More trends at https://t.co/tOVVBU3TJP #trndnl https://t.co/C1S2Gc9TBy,500,158,10
159,8.43529E+17,cda,52.3731,4.8932, @Reinaert the 1st mention of 'CDA-senator Oomen' appears on your TL. Now is Trending Topic in Netherlands! #trndnl,500,159,6
160,8.43533E+17,cda,52.3731,4.8932, ? #gaepec? CDA-senator Oomen? Go Ahead? Coolsingel? Biesbosch2017/3/19 19:32 CET #trndnl https://t.co/tOVVBU3TJP,500,160,9
161,8.43538E+17,cda,52.3731,4.8932, ? CDA-senator Oomen? Go Ahead? Coolsingel? Biesbosch? Chuck Berry2017/3/19 19:57 CET #trndnl https://t.co/tOVVBU3TJP,500,161,0
162,8.43543E+17,cda,52.3731,4.8932, ? CDA-senator Oomen? Sevilla? Go Ahead? Biesbosch? Coolsingel2017/3/19 20:17 CET #trndnl https://t.co/tOVVBU3TJP,500,162,1
163,8.43548E+17,cda,52.3731,4.8932, ? Herman? #MCILIV? CDA-senator Oomen? PEC Zwolle? Sevilla2017/3/19 20:32 CET #trndnl https://t.co/tOVVBU3TJP,500,163,5
164,8.43553E+17,cda,52.3731,4.8932, ? #miljoenenjacht? Marc? #azado? CDA-senator Oomen? Sevilla2017/3/19 20:52 CET #trndnl https://t.co/tOVVBU3TJP,500,164,11
165,8.43828E+17,cda,52.3731,4.8922, Hermosa ?#SeVuelve @ Amsterdam  Netherlands https://t.co/CDaU4cGlQD,500,165,1
166,8.4387E+17,cda,52.36412531,4.88316855, #amsterdam @ Leidseplein - Amsterdam Centrum https://t.co/KeKRfCDAE1,500,166,6
167,8.43908E+17,vvd,52.35870564,4.80744988, I been looking forward to this for months #makingamurderer #jeromebuting #deanstrang Q&amp;A @� https://t.co/J4D3VVdsla,0,167,7
168,8.44206E+17,vvd,52.3914301,4.7797067, P 1 Voertuig te Water (Middel Duik)   Tijnmuiden Amsterdam [ 13VVD ] https://t.co/Mf8r1CgUSd #p2000,0,168,7
169,8.443E+17,sp,52.3731,4.8922, The 7 European houses in AmsterdamIn the middle of Roemer Visscherstraat  you can see 7 most� https://t.co/Eu776SUGmY,300,169,1
170,8.44314E+17,vvd,52.47517364,4.99070671, @eefhoedemaeker ik mag hopen dat CDA en VVD ook het klimaatakkoord Parijs uitvoeren. Zelfs zonder GroenLinks.,0,170,8
171,8.44562E+17,sgp,52.3731,4.8922, A bird in the museum #amsterdam #thenetherlands #holland #streetphotography #building� https://t.co/bcmC7R6sgP,800,171,6
172,8.44591E+17,cda,52.2723,4.96929, Dit is een heel fijne donkere IPA. Had ook porter mogen heten. - Drinking a Sooty Otter @ Abcoude - https://t.co/CCda40tU2x #photo,500,172,12
173,8.44626E+17,vvd,52.36181814,4.9007065, @marjaruigrok @VVDAmsterdam @KajsaOllongren @GuusBakker1 over de stemming zelf weet ik ook niets. Er komt een brainstormsessie met ondern.,0,173,4
174,8.4463E+17,sgp,52.31375,4.93771, Company party! #vodafoneziggo @ Ziggo Dome https://t.co/tqavsGpIWO,800,174,12
