id,tag,lat,long,tweet
839758424485335000,gl, 52.31235718, 4.94404142, Opboux De Meetup @groenlinks (at @AFASLive in Amsterdam  Noord-Holland) https://t.co/oDtXeXLcku https://t.co/AflEcMMmNR
839871318333907000,cu, 52.39398971, 4.88725586, NL |  Homoseksuelen welkom bij de ChristenUnie -¬†"Iedereen die bij een open bijbel politiek wil bedrijven en lid is‚Ä¶ https://t.co/NZzA3tzyE6
839825175528906800,cu, 52.41582261, 4.89990234, NL |  Homoseksuelen welkom bij de ChristenUnie https://t.co/Ro18ol7CX1
839859086040551400,cu, 52.37722611, 4.89824219, #Egaylity -  Homoseksuelen welkom bij de ChristenUnie -¬†"Iedereen die bij een open bijbel politiek wil bedrijven en‚Ä¶ https://t.co/vP4iJGcjxG
839858887427686400,cu, 52.37722611, 4.89824219, #Egaylity -  Homoseksuelen welkom bij de ChristenUnie -¬†"Iedereen die bij een open bijbel politiek wil bedrijven en‚Ä¶ https://t.co/e7C8ER19yj
839885604938641400,gl, 52.31232, 4.9442199, Gearriveerd bij AFAS Live voor de meetup van #GroenLinks! #Klaver #stemvoorverandering‚Ä¶ https://t.co/cVgioya9tc
839920124610084900,gl, 52.31232, 4.9442199, Groen rechts  groen links. Applaus! üé∂#groenlinks #jesse #letsdothis @ AFAS Live https://t.co/u4josBJL7c
840211686552424400,vvd, 52.3349075, 4.8731634, B1 13117 Rit 29380 Amsterdam De Boelelaan 1081HV 1117 VU 5D Holding cardiologie https://t.co/SHJvVDx7l9 #p2000
840247806849871900,gl, 52.3324135, 4.9136925, Verkiezingsdebat wearehere met groenlinksamsterdam @rutgergrootwassink @ Stichting Noodzaak https://t.co/MhrwCkc7as
840256587780522000,d66, 52.3324135, 4.9136925, Verkiezingsdebat wearehere met groenlinksamsterdam @rutgergrootwassink Artikel1 en D66 @‚Ä¶ https://t.co/MhrwCkc7as
840256587780522000,gl, 52.3324135, 4.9136925, Verkiezingsdebat wearehere met groenlinksamsterdam @rutgergrootwassink Artikel1 en D66 @‚Ä¶ https://t.co/MhrwCkc7as
840472265586294800,cu, 52.36792726, 4.85509803, Quas G powerrrrr . Wouw! #gospel #rap #CUinactie christenunie @quasg @ Maranatha Ministries‚Ä¶ https://t.co/xGuHdbFefJ
840564236451369000,cu, 52.39398971, 4.88725586, MWNL -  Homoseksuelen welkom bij de ChristenUnie -¬†"Iedereen die bij een open bijbel politiek wil bedrijven en lid‚Ä¶ https://t.co/boK7w2Zgc1
840566182096830500,d66, 52.357611, 4.881619, Women's March met de liefste @meltemd66 √©n zelfgemaakt bordjes ‚ù§ #womensmarch @ Museumplein https://t.co/4wbuCBfCZR
840602055274303500,sp, 52.3612998, 4.8767679, A1 13102 Rit 29829 Amsterdam Roemer Visscherstraat https://t.co/NOFQnD1Hdo #p2000
840621437119541200,sgp, 52.3395753, 4.8732716, A1 13161 Rit 29847 Amsterdam Zuidplein 1077XV 10 Metro Amsterdam Zuid https://t.co/brIXJSgpUr #p2000
840644487663636500,cu, 52.31373012, 4.95127529, Mooie actie  flink veel CU-blauw en samen met o.a. @gertjansegers (1) Joel Voordewind (3) en‚Ä¶ https://t.co/GODgJbHin4
840903757487603700,vvd, 52.3445294, 4.7837182, P 2 Dier in nood (13GG04) (Hond)   Zwarte Pad Amsterdam [ 13VVD ] https://t.co/GLBqoCn58Q #p2000
840911423949557800,cu, 52.37387263, 4.90373535, MWNL -  Homoseksuelen welkom bij de ChristenUnie -¬†"Iedereen die bij een open bijbel politiek wil bedrijven en lid‚Ä¶ https://t.co/1K4c3s7jo9
841349950470537200,pvv, 52.34123, 4.88991, Al dat gezeik over de PVV en die opgefokte Turken. En die verschrikkelijke honger op de wereld.‚Ä¶ https://t.co/rnRx1Xp8n9
842495291991478300,sgp, 52.3731, 4.8922, üñº @ Amsterdam  Netherlands https://t.co/usgpnymYWn
842485653510135800,gl, 52.3731, 4.8932, ‚íç Europa League‚íé Van Barneveld‚íè Camiel Eurlings‚íê IJburg‚íë GroenLinks2017/3/16 22:14 CET #trndnl https://t.co/tOVVBU3TJP
842533976124276700,pvda, 52.3731, 4.8932, Trend Alert: 'PvdA'. More trends at https://t.co/tOVVBU3TJP #trndnl https://t.co/S3zq0syO3x
842535983237099500,pvda, 52.3731, 4.8932, ‚íç Van Gerwen‚íé Boef‚íè #rtl7darts‚íê #munros‚íë PvdA2017/3/17 01:31 CET #trndnl https://t.co/tOVVBU3TJP
842541022378836000,pvda, 52.3731, 4.8932, ‚íç Boef‚íé #Eurlings‚íè #tk17‚íê PvdA‚íë Edith Schippers2017/3/17 01:56 CET #trndnl https://t.co/tOVVBU3TJP
842546052850839600,pvda, 52.3731, 4.8932, ‚íç Boef‚íé #Eurlings‚íè #tk17‚íê PvdA‚íë Edith Schippers2017/3/17 02:17 CET #trndnl https://t.co/tOVVBU3TJP
842551087378788400,pvda, 52.3731, 4.8932, ‚íç Boef‚íé #tk17‚íè PvdA‚íê Edith Schippers‚íë #uitslagenavond2017/3/17 02:31 CET #trndnl https://t.co/tOVVBU3TJP
842556118287044600,pvda, 52.3731, 4.8932, ‚íç Boef‚íé #tk17‚íè PvdA‚íê Edith Schippers‚íë #uitslagenavond2017/3/17 02:51 CET #trndnl https://t.co/tOVVBU3TJP
842561150478774300,pvda, 52.3731, 4.8932, ‚íç Boef‚íé #tk17‚íè PvdA‚íê Edith Schippers‚íë #uitslagenavond2017/3/17 03:11 CET #trndnl https://t.co/tOVVBU3TJP
842566180816670700,pvda, 52.3731, 4.8932, ‚íç Boef‚íé #tk17‚íè PvdA‚íê Edith Schippers‚íë #uitslagenavond2017/3/17 03:36 CET #trndnl https://t.co/tOVVBU3TJP
842571214878994400,pvda, 52.3731, 4.8932, ‚íç Boef‚íé #tk17‚íè PvdA‚íê Edith Schippers‚íë Baudet2017/3/17 03:56 CET #trndnl https://t.co/tOVVBU3TJP
842576254716923900,pvda, 52.3731, 4.8932, ‚íç Boef‚íé #tk17‚íè PvdA‚íê Edith Schippers‚íë Baudet2017/3/17 04:16 CET #trndnl https://t.co/tOVVBU3TJP
842581301005762600,pvda, 52.3731, 4.8932, ‚íç Boef‚íé #tk17‚íè PvdA‚íê #gestemd‚íë Edith Schippers2017/3/17 04:37 CET #trndnl https://t.co/tOVVBU3TJP
842586313475817500,pvda, 52.3731, 4.8932, ‚íç Boef‚íé #tk17‚íè PvdA‚íê #gestemd‚íë Edith Schippers2017/3/17 04:57 CET #trndnl https://t.co/tOVVBU3TJP
842591341729071100,pvda, 52.3731, 4.8932, ‚íç Boef‚íé #tk17‚íè PvdA‚íê #gestemd‚íë Edith Schippers2017/3/17 05:17 CET #trndnl https://t.co/tOVVBU3TJP
842601420511563800,pvda, 52.3731, 4.8932, ‚íç Boef‚íé #tk17‚íè #gestemd‚íê #PvdA‚íë Edith Schippers2017/3/17 05:57 CET #trndnl https://t.co/tOVVBU3TJP
842606461322645500,pvda, 52.3731, 4.8932, ‚íç Boef‚íé #tk17‚íè #gestemd‚íê #PvdA‚íë Edith Schippers2017/3/17 06:12 CET #trndnl https://t.co/tOVVBU3TJP
842611474946170900,pvda, 52.3731, 4.8932, ‚íç Boef‚íé #tk17‚íè #gestemd‚íê #PvdA‚íë Edith Schippers2017/3/17 06:36 CET #trndnl https://t.co/tOVVBU3TJP
842616549181599700,pvda, 52.3731, 4.8932, ‚íç Boef‚íé #tk17‚íè #gestemd‚íê #PvdA‚íë Edith Schippers2017/3/17 06:46 CET #trndnl https://t.co/tOVVBU3TJP
842626576881672200,pvda, 52.3731, 4.8932, ‚íç Boef‚íé #rtl7darts‚íè #tk17‚íê PvdA‚íë Edith Schippers2017/3/17 07:32 CET #trndnl https://t.co/tOVVBU3TJP
842631607668228100,pvda, 52.3731, 4.8932, ‚íà Camiel Eurlings‚íâ #tk17‚íä #ajakop‚íã PvdA‚íå #gestemd2017/3/17 07:51 CET #trndnl https://t.co/tOVVBU3TJP
842641668515934200,pvda, 52.3731, 4.8932, ‚íç PvdA‚íé #gestemd‚íè Baudet‚íê Besiktas‚íë GroenLinks2017/3/17 08:36 CET #trndnl https://t.co/tOVVBU3TJP
842641668515934200,gl, 52.3731, 4.8932, ‚íç PvdA‚íé #gestemd‚íè Baudet‚íê Besiktas‚íë GroenLinks2017/3/17 08:36 CET #trndnl https://t.co/tOVVBU3TJP
842646733238632400,pvda, 52.3731, 4.8932, ‚íç #tk2017‚íé PvdA‚íè Denk‚íê Baudet‚íë Tweede Kamer2017/3/17 08:51 CET #trndnl https://t.co/tOVVBU3TJP
842651738817486800,pvda, 52.3731, 4.8932, ‚íç PvdA‚íé #gestemd‚íè Denk‚íê Baudet‚íë Tweede Kamer2017/3/17 09:11 CET #trndnl https://t.co/tOVVBU3TJP
842656773823590400,pvda, 52.3731, 4.8932, ‚íç #tk2017‚íé PvdA‚íè Denk‚íê Baudet‚íë Tweede Kamer2017/3/17 09:36 CET #trndnl https://t.co/tOVVBU3TJP
842661801510625300,pvda, 52.3731, 4.8932, ‚íç #tk2017‚íé PvdA‚íè Denk‚íê Baudet‚íë Tweede Kamer2017/3/17 09:56 CET #trndnl https://t.co/tOVVBU3TJP
842666830103683100,pvda, 52.3731, 4.8932, ‚íç #ajakop‚íé PvdA‚íè DENK‚íê Baudet‚íë Tweede Kamer2017/3/17 10:16 CET #trndnl https://t.co/tOVVBU3TJP
842671867504734200,gl, 52.3731, 4.8932, ‚íç #ajakop‚íé DENK‚íè Baudet‚íê Tweede Kamer‚íë GroenLinks2017/3/17 10:31 CET #trndnl https://t.co/tOVVBU3TJP
842676903769124900,gl, 52.3731, 4.8932, ‚íç #Matchday‚íé #WorldSleepDay‚íè DENK‚íê Baudet‚íë GroenLinks2017/3/17 10:51 CET #trndnl https://t.co/tOVVBU3TJP
842684944199557100,pvda, 52.3731, 4.8932, Trend Alert: 'PvdA'er Ad Melkert'. More trends at https://t.co/tOVVBU3TJP #trndnl https://t.co/6oihPfa6Uu
842686966688698400,pvda, 52.3731, 4.8932, ‚íç PvdA'er Ad Melkert‚íé Rotterdams‚íè #spexit‚íê Chrome‚íë #appdevcon2017/3/17 11:31 CET #trndnl https://t.co/tOVVBU3TJP
842692003276050400,pvda, 52.3731, 4.8932, ‚íç PvdA'er Ad Melkert‚íé Chrome‚íè Rotterdams‚íê #spexit‚íë #appdevcon2017/3/17 11:57 CET #trndnl https://t.co/tOVVBU3TJP
842697034712862700,pvda, 52.3731, 4.8932, ‚íç Nicolette Kluijver‚íé The Daily Show‚íè PvdA'er Ad Melkert‚íê Chrome‚íë Rotterdams2017/3/17 12:11 CET #trndnl https://t.co/tOVVBU3TJP
842702066271174700,pvda, 52.3731, 4.8932, ‚íç Nieuw-West‚íé #vbhc‚íè PvdA'er Ad Melkert‚íê #appdevcon‚íë Chrome2017/3/17 12:36 CET #trndnl https://t.co/tOVVBU3TJP
842712131111796700,pvda, 52.3731, 4.8932, ‚íç #avscongres‚íé #WorldSleepDay‚íè #vbhc‚íê PvdA'er Ad Melkert‚íë Chrome2017/3/17 13:17 CET #trndnl https://t.co/tOVVBU3TJP
842707099658281000,pvda, 52.3731, 4.8932, ‚íç Nieuw-West‚íé #vbhc‚íè #appdevcon‚íê PvdA'er Ad Melkert‚íë Chrome2017/3/17 12:52 CET #trndnl https://t.co/tOVVBU3TJP
842730038302670800,pvv, 52.3731, 4.8932, @Martinbosma_pvv Did you know that 'Wijnand Duyvendak' was Trending Topic for 4 hours? ‚Üí https://t.co/XA6zcFatNZ @Dawn30The #trndnl
842828532644425700,gl, 52.3731, 4.8932, üìà GroenLinks-kandidaat Isabelle Diks met voorkeurstemmen in Tweede Kamer https://t.co/M7gMtJuiUA
842843652447658000,gl, 52.3731, 4.8932, üìà GroenLinks-kandidaat Isabelle Diks met voorkeurstemmen in Tweede Kamer https://t.co/ApaaHmwPuH
842848606000300000,pvda, 52.36171324, 4.90066954, Zou de #PvdA zich ook realiseren dat door het brede politieke landschap hun ruif volledig is leeggeroofd? Daar onvoldoende op geanticipeerd?
842983131451805700,pvda, 52.3731, 4.8932, Trend Alert: 'PvdA-voorzitter Spekman'. More trends at https://t.co/tOVVBU3TJP #trndnl https://t.co/Z2YSxp1ufU
842983370216751100,pvda, 52.3731, 4.8932, 235 users and 240 tweets (203 RTs) in 5 days made 'PvdA-voorzitter Spekman' a Trending Topic in Netherlands. #trndnl
842983372519481300,pvda, 52.3731, 4.8932, #Top3Apps for 'PvdA-voorzitter Spekman'Twitter Web Client 17%Twitter for iPhone 15%IFTTT 12%
842983899764420600,pvda, 52.3731, 4.8932, ‚íà #SwallaVideo‚íâ Sharon Dijksma‚íä #TheOriginals‚íã #rodtwe‚íå PvdA-voorzitter Spekman2017/3/18 07:11 CET #trndnl https://t.co/tOVVBU3TJP
842988929213112300,pvda, 52.3731, 4.8932, ‚íà #SwallaVideo‚íâ Sharon Dijksma‚íä #TheOriginals‚íã #rodtwe‚íå PvdA-voorzitter Spekman2017/3/18 07:36 CET #trndnl https://t.co/tOVVBU3TJP
842993963258675200,pvda, 52.3731, 4.8932, ‚íà #SwallaVideo‚íâ Sharon Dijksma‚íä #TheOriginals‚íã #rodtwe‚íå PvdA-voorzitter Spekman2017/3/18 07:56 CET #trndnl https://t.co/tOVVBU3TJP
843068973147217900,d66, 52.36993215, 4.89030348, @ Amsterdam https://t.co/IdpdMd66NR
843185271789174800,vvd, 52.3731, 4.8932, ‚íç #kassatv‚íé Sagan‚íè Chelsea‚íê Zwitserland‚íë Aan Mark Rutte2017/3/18 20:31 CET #trndnl https://t.co/tOVVBU3TJP
843190307843850200,vvd, 52.3731, 4.8932, ‚íç Bas Dost‚íé Sagan‚íè Chelsea‚íê Pieter Derks‚íë Aan Mark Rutte2017/3/18 20:56 CET #trndnl https://t.co/tOVVBU3TJP
843195339486113800,vvd, 52.3731, 4.8932, ‚íç Bas Dost‚íé Pieter Derks‚íè Sagan‚íê Chelsea‚íë Aan Mark Rutte2017/3/18 21:16 CET #trndnl https://t.co/tOVVBU3TJP
843200368293040100,vvd, 52.3731, 4.8932, ‚íç Bas Dost‚íé Pieter Derks‚íè Sagan‚íê Chelsea‚íë Aan Mark Rutte2017/3/18 21:31 CET #trndnl https://t.co/tOVVBU3TJP
843205412694323200,vvd, 52.3731, 4.8932, ‚íç Pieter Derks‚íé Bas Dost‚íè Sagan‚íê Aan Mark Rutte‚íë Tijmen Eising2017/3/18 21:51 CET #trndnl https://t.co/tOVVBU3TJP
843225529096454100,vvd, 52.3731, 4.8932, ‚íç Pieter Derks‚íé Bas Dost‚íè Indian Wells‚íê Zakaria Labyad‚íë Aan Mark Rutte2017/3/18 23:16 CET #trndnl https://t.co/tOVVBU3TJP
843230568393330700,vvd, 52.3731, 4.8932, ‚íç #necutr‚íé Pieter Derks‚íè Bas Dost‚íê Indian Wells‚íë Aan Mark Rutte2017/3/18 23:31 CET #trndnl https://t.co/tOVVBU3TJP
843392100376895500,pvv, 52.3731, 4.8932, Trend Alert: 'Wilders-kiezers'. More trends at https://t.co/tOVVBU3TJP #trndnl https://t.co/yXiZXFpPno
843457248143851500,cda, 52.37807, 4.90118, ik heb al een tijdje geen q&amp;a gedaan dus: stel je leukste en meest orginele vragen ‚ú® @ Station‚Ä¶ https://t.co/SWInQWcdak
843532524236169200,cda, 52.3731, 4.8932, ‚íç #gaepec‚íé CDA-senator Oomen‚íè Go Ahead‚íê Coolsingel‚íë Biesbosch2017/3/19 19:32 CET #trndnl https://t.co/tOVVBU3TJP
843828116350881800,cda, 52.3731, 4.8922, Hermosa üòç#SeVuelve @ Amsterdam  Netherlands https://t.co/CDaU4cGlQD
843869691630293000,cda, 52.36412531, 4.88316855, #amsterdam @ Leidseplein - Amsterdam Centrum https://t.co/KeKRfCDAE1
844206402839203800,vvd, 52.3914301, 4.7797067, P 1 Voertuig te Water (Middel Duik)   Tijnmuiden Amsterdam [ 13VVD ] https://t.co/Mf8r1CgUSd #p2000
844625727513415700,vvd, 52.36181814, 4.9007065, @marjaruigrok @VVDAmsterdam @KajsaOllongren @GuusBakker1 over de stemming zelf weet ik ook niets. Er komt een brainstormsessie met ondern.
837611056809771000,vvd, 52.3731, 4.8922, Do you know about Hidden treasures around  I found this so cute! so I shared on the app SALEAPP.‚Ä¶ https://t.co/vVdGbAX7Hz
837655387759333400,d66, 52.3042326, 4.7491698, @derickr @D66 ik zou zeggen @KeesVee maar wellicht zijn er ook nog andere kandidaten?
837679530189996000,sp, 52.37886324, 4.89953724, And another day to (sp)end gigging in #amsterdamSo another building to show  before going for‚Ä¶ https://t.co/0zrMfFgwDB
837742435933503500,d66, 52.3836967, 4.8721767, Het (oud)-raadsleden diner van #D66Bijpraten en daarna weer campagne! @ M√©t Smaak https://t.co/di6ZiS15HM
837766343520845800,vvd, 52.3591188, 4.916442, P 1 Reanimatie (13GG02) Kastanjeweg   Oosterpark Amsterdam [ 13VVD ] https://t.co/hmojrQT7xV #p2000
837768819451945000,cu, 52.3731, 4.8922, Zo deden we dat. @gertjansegers plakken op  de verkiezingsborden. In Noord en centrum.‚Ä¶ https://t.co/C3egh2kRLZ
838017651662192600,pvda, 52.36970843, 4.85097976, Election time  11 days before. #pvda #stem #elections #netherlands #march15 @ Mercatorplein https://t.co/03zryRU0Xh
838019072663175200,pvv, 52.3731, 4.8922, #wilderswillenwelnee #gewild #wild #willen #waarom #hoedan #dusdat‚Ä¶ https://t.co/pZij2RwQwc
837967884664127500,d66, 52.34882519, 4.87738491, Zaterdag campagnedag!! #stemd66 #üëç #goedonderwijs @ De Beethovenstraat https://t.co/iOkoEzB6Yv
838323305748693000,sgp, 52.3092179, 4.76354161, Sunday workday. #airportlife #schiphol #airport #amsterdam #netherlands #europe #guy #dutch‚Ä¶ https://t.co/sGP6TgveS6
838396149463658500,sgp, 52.34271368, 4.88914619, #SIMARINE #PICOAdvanced #Battery Monitorwith Real-Time Battery Health‚Ñ¢ functionHighly‚Ä¶ https://t.co/1qHSgPc3bx
838330894263926800,sgp, 52.318571, 4.843613, Uitslagen Phanos Boscross/Runnersworld NK Cross  Amstelveen: https://t.co/FyV4sgpUua
838470559910391800,pvda, 52.36240836, 4.9038221, Asscher krijgt nog even uitleg over de knoppen #carredebat #politiek #verkiezingen #15maart2017‚Ä¶ https://t.co/xcLVgMAgN0
838490112468136000,sp, 52.3612998, 4.8767679, A1 13178 Rit 27363 Amsterdam Roemer Visscherstraat 1054EV 1 Hotel Owl https://t.co/5fEqOGXXKk #p2000
838516039835078700,pvda, 52.38267, 4.87083, Doing bumpout with ASSCHER! @ De Buurman Amsterdam https://t.co/zAZnubcfVW
838540580372299800,50p, 52.32220343, 4.95691674, Ik heb helemaal niks met 50PLUS maar Henk Krol heeft het Carr√©-debat net wel even gemurderd hoor.
838683821478412300,vvd, 52.3731, 4.8922, Take me back üö≤Hello ma #teamsagesseüåô   avez-vous vu ma derni√®re vid√©o sur mon s√©jour √†‚Ä¶ https://t.co/bbs9jqMvvd
838708997972766700,sp, 52.3617584, 4.8781814, A1 13162 Rit 27565 Amsterdam Roemer Visscherstraat 1054EX 10 Hotel Roemer Visscher https://t.co/t8ZvsuNThd #p2000
838747856366407700,50p, 52.3420837, 4.8384711, Die matroos moet overboord gegooid worden en Krol was een BAAS. #debatgemist #spuitelf
839025805166510100,gl, 52.3632789, 4.9000349, De stadsgezichten van Henk Hofstra hangen bij Lunchcaf√© Klaver 4 in de Utrechtsestraat 69 in‚Ä¶ https://t.co/O0hfyykk2y
839070338692546600,sp, 52.362222, 4.91266366, AMSTERDAM: Nav winkeldiefstal  Sarphatistraat  zoeken wij een getinte man  170 lang  blauwe muts  grijze jas  sp https://t.co/dRoVF3B0Mr
839414324733050900,sgp, 52.3731, 4.8922, Ein heftig entspannter Urlaub  #HNKJ üò¨ #amsterdam #amsterdamcity #netherlands #traveltheworld‚Ä¶ https://t.co/ZAKPSGPFiE
839758424485335000,gl, 52.31235718, 4.94404142, Opboux De Meetup @groenlinks (at @AFASLive in Amsterdam  Noord-Holland) https://t.co/oDtXeXLcku https://t.co/AflEcMMmNR
839825175528906800,cu, 52.41582261, 4.89990234, NL |  Homoseksuelen welkom bij de ChristenUnie https://t.co/Ro18ol7CX1
839858887427686400,cu, 52.37722611, 4.89824219, #Egaylity -  Homoseksuelen welkom bij de ChristenUnie -¬†"Iedereen die bij een open bijbel politiek wil bedrijven en‚Ä¶ https://t.co/e7C8ER19yj
839859086040551400,cu, 52.37722611, 4.89824219, #Egaylity -  Homoseksuelen welkom bij de ChristenUnie -¬†"Iedereen die bij een open bijbel politiek wil bedrijven en‚Ä¶ https://t.co/vP4iJGcjxG
839871318333907000,cu, 52.39398971, 4.88725586, NL |  Homoseksuelen welkom bij de ChristenUnie -¬†"Iedereen die bij een open bijbel politiek wil bedrijven en lid is‚Ä¶ https://t.co/NZzA3tzyE6
839885604938641400,gl, 52.31232, 4.9442199, Gearriveerd bij AFAS Live voor de meetup van #GroenLinks! #Klaver #stemvoorverandering‚Ä¶ https://t.co/cVgioya9tc
839920124610084900,gl, 52.31232, 4.9442199, Groen rechts  groen links. Applaus! üé∂#groenlinks #jesse #letsdothis @ AFAS Live https://t.co/u4josBJL7c
839920446841712600,gl, 52.31235718, 4.94404142, We the people. #Klaver (at @AFASLive in Amsterdam  Noord-Holland) https://t.co/DQ2TI905O4
840197745692594200,cda, 52.37733, 4.91732, Spring vibes üåüüå∏ #friday #selfie #officelife #springvibes #sunnyday #miyagiIn the listening‚Ä¶ https://t.co/6ZMGWwCcDA
840211686552424400,vvd, 52.3349075, 4.8731634, B1 13117 Rit 29380 Amsterdam De Boelelaan 1081HV 1117 VU 5D Holding cardiologie https://t.co/SHJvVDx7l9 #p2000
840247806849871900,gl, 52.3324135, 4.9136925, Verkiezingsdebat wearehere met groenlinksamsterdam @rutgergrootwassink @ Stichting Noodzaak https://t.co/MhrwCkc7as
840256587780522000,d66, 52.3324135, 4.9136925, Verkiezingsdebat wearehere met groenlinksamsterdam @rutgergrootwassink Artikel1 en D66 @‚Ä¶ https://t.co/MhrwCkc7as
840256587780522000,gl, 52.3324135, 4.9136925, Verkiezingsdebat wearehere met groenlinksamsterdam @rutgergrootwassink Artikel1 en D66 @‚Ä¶ https://t.co/MhrwCkc7as
840368852441681900,gl, 52.36597257, 4.89661693, professional groenlinks fangirl / memer @ RTL Late Night at NH Schiller Hotel https://t.co/aBq9W7Solk
840370577076559900,gl, 52.36597257, 4.89661693, professional groenlinks fangirl / memer @ RTL Late Night at NH Schiller Hotel https://t.co/8WL0EZG8C8
840470768458838000,cu, 52.36792726, 4.85509803, John Angoh. That voice!#blessed #gospel #CUinactie #amsterdamchristenunie johnangoh‚Ä¶ https://t.co/kq8zyjzWJ1
840472265586294800,cu, 52.36792726, 4.85509803, Quas G powerrrrr . Wouw!#gospel #rap #CUinactie christenunie @quasg @ Maranatha Ministries‚Ä¶ https://t.co/xGuHdbFefJ
840522253422874600,d66, 52.36666667, 4.88333333, Birthday girl ‚òïÔ∏èüå∑ #PardonMyFrenchAmy #bloggergirl #fashionblogger #lifestyle #breakfast‚Ä¶ https://t.co/Isz3kDkd66
840564236451369000,cu, 52.39398971, 4.88725586, MWNL -  Homoseksuelen welkom bij de ChristenUnie -¬†"Iedereen die bij een open bijbel politiek wil bedrijven en lid‚Ä¶ https://t.co/boK7w2Zgc1
840566182096830500,d66, 52.357611, 4.881619, Women's March met de liefste @meltemd66 √©n zelfgemaakt bordjes ‚ù§ #womensmarch @ Museumplein https://t.co/4wbuCBfCZR
840602055274303500,sp, 52.3612998, 4.8767679, A1 13102 Rit 29829 Amsterdam Roemer Visscherstraat https://t.co/NOFQnD1Hdo #p2000
840612313140985900,sgp, 52.3731, 4.8922, With my Dutch cutie @steph_sbeih ‚ù§ Thank you so much for showing us your favorite spots in town!‚Ä¶ https://t.co/AlsGpM36Qq
840621437119541200,sgp, 52.3395753, 4.8732716, A1 13161 Rit 29847 Amsterdam Zuidplein 1077XV 10 Metro Amsterdam Zuid https://t.co/brIXJSgpUr #p2000
840644487663636500,cu, 52.31373012, 4.95127529, Mooie actie  flink veel CU-blauw en samen met o.a. @gertjansegers (1) Joel Voordewind (3) en‚Ä¶ https://t.co/GODgJbHin4
840903757487603700,vvd, 52.3445294, 4.7837182, P 2 Dier in nood (13GG04) (Hond)   Zwarte Pad Amsterdam [ 13VVD ] https://t.co/GLBqoCn58Q #p2000
840911423949557800,cu, 52.37387263, 4.90373535, MWNL -  Homoseksuelen welkom bij de ChristenUnie -¬†"Iedereen die bij een open bijbel politiek wil bedrijven en lid‚Ä¶ https://t.co/1K4c3s7jo9
841001206923182100,d66, 52.310833, 4.8325, #–¥–æ–º–æ–π. –ó–∞–≤—Ç—Ä–∞ –±—É–¥—É üè° –¥–æ–º–∞) @ Amsterdamse Bos https://t.co/9EbjbuD66c
841243054526804000,sgp, 52.3092179, 4.76354161, Thank you for everything. @ Amsterdam Airport Schiphol https://t.co/QD39SGPb9r
841349950470537200,pvv, 52.34123, 4.88991, Al dat gezeik over de PVV en die opgefokte Turken. En die verschrikkelijke honger op de wereld.‚Ä¶ https://t.co/rnRx1Xp8n9
842485653510135800,gl, 52.3731, 4.8932, ‚íç Europa League‚íé Van Barneveld‚íè Camiel Eurlings‚íê IJburg‚íë GroenLinks2017/3/16 22:14 CET #trndnl https://t.co/tOVVBU3TJP
842495291991478300,sgp, 52.3731, 4.8922, üñº @ Amsterdam  Netherlands https://t.co/usgpnymYWn
842533976124276700,pvda, 52.3731, 4.8932, Trend Alert: 'PvdA'. More trends at https://t.co/tOVVBU3TJP #trndnl https://t.co/S3zq0syO3x
842535983237099500,pvda, 52.3731, 4.8932, ‚íç Van Gerwen‚íé Boef‚íè #rtl7darts‚íê #munros‚íë PvdA2017/3/17 01:31 CET #trndnl https://t.co/tOVVBU3TJP
842541022378836000,pvda, 52.3731, 4.8932, ‚íç Boef‚íé #Eurlings‚íè #tk17‚íê PvdA‚íë Edith Schippers2017/3/17 01:56 CET #trndnl https://t.co/tOVVBU3TJP
842546052850839600,pvda, 52.3731, 4.8932, ‚íç Boef‚íé #Eurlings‚íè #tk17‚íê PvdA‚íë Edith Schippers2017/3/17 02:17 CET #trndnl https://t.co/tOVVBU3TJP
842551087378788400,pvda, 52.3731, 4.8932, ‚íç Boef‚íé #tk17‚íè PvdA‚íê Edith Schippers‚íë #uitslagenavond2017/3/17 02:31 CET #trndnl https://t.co/tOVVBU3TJP
842556118287044600,pvda, 52.3731, 4.8932, ‚íç Boef‚íé #tk17‚íè PvdA‚íê Edith Schippers‚íë #uitslagenavond2017/3/17 02:51 CET #trndnl https://t.co/tOVVBU3TJP
842561150478774300,pvda, 52.3731, 4.8932, ‚íç Boef‚íé #tk17‚íè PvdA‚íê Edith Schippers‚íë #uitslagenavond2017/3/17 03:11 CET #trndnl https://t.co/tOVVBU3TJP
842566180816670700,pvda, 52.3731, 4.8932, ‚íç Boef‚íé #tk17‚íè PvdA‚íê Edith Schippers‚íë #uitslagenavond2017/3/17 03:36 CET #trndnl https://t.co/tOVVBU3TJP
842571214878994400,pvda, 52.3731, 4.8932, ‚íç Boef‚íé #tk17‚íè PvdA‚íê Edith Schippers‚íë Baudet2017/3/17 03:56 CET #trndnl https://t.co/tOVVBU3TJP
842576254716923900,pvda, 52.3731, 4.8932, ‚íç Boef‚íé #tk17‚íè PvdA‚íê Edith Schippers‚íë Baudet2017/3/17 04:16 CET #trndnl https://t.co/tOVVBU3TJP
842581301005762600,pvda, 52.3731, 4.8932, ‚íç Boef‚íé #tk17‚íè PvdA‚íê #gestemd‚íë Edith Schippers2017/3/17 04:37 CET #trndnl https://t.co/tOVVBU3TJP
842586313475817500,pvda, 52.3731, 4.8932, ‚íç Boef‚íé #tk17‚íè PvdA‚íê #gestemd‚íë Edith Schippers2017/3/17 04:57 CET #trndnl https://t.co/tOVVBU3TJP
842591341729071100,pvda, 52.3731, 4.8932, ‚íç Boef‚íé #tk17‚íè PvdA‚íê #gestemd‚íë Edith Schippers2017/3/17 05:17 CET #trndnl https://t.co/tOVVBU3TJP
842600639234424800,pvda, 52.3731, 4.8932, Trend Alert: #PvdA. More trends at https://t.co/tOVVBU3TJP #trndnl https://t.co/D7ifSdXHVS
842601420511563800,pvda, 52.3731, 4.8932, ‚íç Boef‚íé #tk17‚íè #gestemd‚íê #PvdA‚íë Edith Schippers2017/3/17 05:57 CET #trndnl https://t.co/tOVVBU3TJP
842606461322645500,pvda, 52.3731, 4.8932, ‚íç Boef‚íé #tk17‚íè #gestemd‚íê #PvdA‚íë Edith Schippers2017/3/17 06:12 CET #trndnl https://t.co/tOVVBU3TJP
842611474946170900,pvda, 52.3731, 4.8932, ‚íç Boef‚íé #tk17‚íè #gestemd‚íê #PvdA‚íë Edith Schippers2017/3/17 06:36 CET #trndnl https://t.co/tOVVBU3TJP
842616549181599700,pvda, 52.3731, 4.8932, ‚íç Boef‚íé #tk17‚íè #gestemd‚íê #PvdA‚íë Edith Schippers2017/3/17 06:46 CET #trndnl https://t.co/tOVVBU3TJP
842621545834926100,pvda, 52.3731, 4.8932, ‚íç #tk17‚íé #gestemd‚íè #PvdA‚íê Edith Schippers‚íë Denk2017/3/17 07:16 CET #trndnl https://t.co/tOVVBU3TJP
842626576881672200,pvda, 52.3731, 4.8932, ‚íç Boef‚íé #rtl7darts‚íè #tk17‚íê PvdA‚íë Edith Schippers2017/3/17 07:32 CET #trndnl https://t.co/tOVVBU3TJP
842631607668228100,pvda, 52.3731, 4.8932, ‚íà Camiel Eurlings‚íâ #tk17‚íä #ajakop‚íã PvdA‚íå #gestemd2017/3/17 07:51 CET #trndnl https://t.co/tOVVBU3TJP
842636642514948100,pvda, 52.3731, 4.8932, ‚íç PvdA‚íé Denk‚íè #EuropaLeague‚íê Baudet‚íë Besiktas2017/3/17 08:16 CET #trndnl https://t.co/tOVVBU3TJP
842641668515934200,pvda, 52.3731, 4.8932, ‚íç PvdA‚íé #gestemd‚íè Baudet‚íê Besiktas‚íë GroenLinks2017/3/17 08:36 CET #trndnl https://t.co/tOVVBU3TJP
842641668515934200,gl, 52.3731, 4.8932, ‚íç PvdA‚íé #gestemd‚íè Baudet‚íê Besiktas‚íë GroenLinks2017/3/17 08:36 CET #trndnl https://t.co/tOVVBU3TJP
842651738817486800,pvda, 52.3731, 4.8932, ‚íç PvdA‚íé #gestemd‚íè Denk‚íê Baudet‚íë Tweede Kamer2017/3/17 09:11 CET #trndnl https://t.co/tOVVBU3TJP
842646733238632400,pvda, 52.3731, 4.8932, ‚íç #tk2017‚íé PvdA‚íè Denk‚íê Baudet‚íë Tweede Kamer2017/3/17 08:51 CET #trndnl https://t.co/tOVVBU3TJP
842656773823590400,pvda, 52.3731, 4.8932, ‚íç #tk2017‚íé PvdA‚íè Denk‚íê Baudet‚íë Tweede Kamer2017/3/17 09:36 CET #trndnl https://t.co/tOVVBU3TJP
842657514441199600,gl, 52.3731, 4.8932, Did you know that 'GroenLinks' was Trending Topic on Thursday 16 for 13 hours in Netherlands? https://t.co/XA6zcFatNZ #trndnl
842661801510625300,pvda, 52.3731, 4.8932, ‚íç #tk2017‚íé PvdA‚íè Denk‚íê Baudet‚íë Tweede Kamer2017/3/17 09:56 CET #trndnl https://t.co/tOVVBU3TJP
842666830103683100,pvda, 52.3731, 4.8932, ‚íç #ajakop‚íé PvdA‚íè DENK‚íê Baudet‚íë Tweede Kamer2017/3/17 10:16 CET #trndnl https://t.co/tOVVBU3TJP
842671867504734200,gl, 52.3731, 4.8932, ‚íç #ajakop‚íé DENK‚íè Baudet‚íê Tweede Kamer‚íë GroenLinks2017/3/17 10:31 CET #trndnl https://t.co/tOVVBU3TJP
842676903769124900,gl, 52.3731, 4.8932, ‚íç #Matchday‚íé #WorldSleepDay‚íè DENK‚íê Baudet‚íë GroenLinks2017/3/17 10:51 CET #trndnl https://t.co/tOVVBU3TJP
842684944199557100,pvda, 52.3731, 4.8932, Trend Alert: 'PvdA'er Ad Melkert'. More trends at https://t.co/tOVVBU3TJP #trndnl https://t.co/6oihPfa6Uu
842686966688698400,pvda, 52.3731, 4.8932, ‚íç PvdA'er Ad Melkert‚íé Rotterdams‚íè #spexit‚íê Chrome‚íë #appdevcon2017/3/17 11:31 CET #trndnl https://t.co/tOVVBU3TJP
842692003276050400,pvda, 52.3731, 4.8932, ‚íç PvdA'er Ad Melkert‚íé Chrome‚íè Rotterdams‚íê #spexit‚íë #appdevcon2017/3/17 11:57 CET #trndnl https://t.co/tOVVBU3TJP
842697034712862700,pvda, 52.3731, 4.8932, ‚íç Nicolette Kluijver‚íé The Daily Show‚íè PvdA'er Ad Melkert‚íê Chrome‚íë Rotterdams2017/3/17 12:11 CET #trndnl https://t.co/tOVVBU3TJP
842702066271174700,pvda, 52.3731, 4.8932, ‚íç Nieuw-West‚íé #vbhc‚íè PvdA'er Ad Melkert‚íê #appdevcon‚íë Chrome2017/3/17 12:36 CET #trndnl https://t.co/tOVVBU3TJP
842707099658281000,pvda, 52.3731, 4.8932, ‚íç Nieuw-West‚íé #vbhc‚íè #appdevcon‚íê PvdA'er Ad Melkert‚íë Chrome2017/3/17 12:52 CET #trndnl https://t.co/tOVVBU3TJP
842712131111796700,pvda, 52.3731, 4.8932, ‚íç #avscongres‚íé #WorldSleepDay‚íè #vbhc‚íê PvdA'er Ad Melkert‚íë Chrome2017/3/17 13:17 CET #trndnl https://t.co/tOVVBU3TJP
842729979968454700,cda, 52.3731, 4.8932, @KamranUllah Did you know that 'CDA 25' was Trending Topic for 2 hours? ‚Üí https://t.co/XA6zcESSWr @NederPiet #trndnl
842730016894926800,vvd, 52.3731, 4.8932, @dw_europe Did you know that 'VVD 32' was Trending Topic for 2 hours? ‚Üí https://t.co/XA6zcFatNZ @EWdeVlieger #trndnl
842730038302670800,pvv, 52.3731, 4.8932, @Martinbosma_pvv Did you know that 'Wijnand Duyvendak' was Trending Topic for 4 hours? ‚Üí https://t.co/XA6zcFatNZ @Dawn30The #trndnl
842730081424359400,vvd, 52.3731, 4.8932, @EWdeVlieger Did you know that 'VVD 33' was Trending Topic for 6 hours? ‚Üí https://t.co/XA6zcFatNZ #trndnl
842793397647634400,gl, 52.3731, 4.8932, 'GroenLinks' appeared on Thursday 16 at the 7th place in the Top20 of Netherlands's Trends: https://t.co/XA6zcFatNZ #trndnl
842828532644425700,gl, 52.3731, 4.8932, üìà GroenLinks-kandidaat Isabelle Diks met voorkeurstemmen in Tweede Kamer https://t.co/M7gMtJuiUA
842848606000300000,pvda, 52.36171324, 4.90066954, Zou de #PvdA zich ook realiseren dat door het brede politieke landschap hun ruif volledig is leeggeroofd? Daar onvoldoende op geanticipeerd?
842843652447658000,gl, 52.3731, 4.8932, üìà GroenLinks-kandidaat Isabelle Diks met voorkeurstemmen in Tweede Kamer https://t.co/ApaaHmwPuH
842855173852713000,cda, 52.38421, 4.90288, Out for a drink. @ A'DAM Lookout https://t.co/7MFWcdaiyY
842983131451805700,pvda, 52.3731, 4.8932, Trend Alert: 'PvdA-voorzitter Spekman'. More trends at https://t.co/tOVVBU3TJP #trndnl https://t.co/Z2YSxp1ufU
842983369000415200,pvda, 52.3731, 4.8932, @dekoran1 the 1st mention of 'PvdA-voorzitter Spekman' appears on your TL. Now is Trending Topic in Netherlands! #trndnl
842983370216751100,pvda, 52.3731, 4.8932, 235 users and 240 tweets (203 RTs) in 5 days made 'PvdA-voorzitter Spekman' a Trending Topic in Netherlands. #trndnl
842983371336704000,pvda, 52.3731, 4.8932, 2 575 120 people could have seen 'PvdA-voorzitter Spekman' since its 1st mention until it became a Trending Topic. #trndnl
842983372519481300,pvda, 52.3731, 4.8932, #Top3Apps for 'PvdA-voorzitter Spekman'Twitter Web Client 17%Twitter for iPhone 15%IFTTT 12%
842983373563863000,pvda, 52.3731, 4.8932, The tweet with the most impact of the 'PvdA-voorzitter Spekman' Trend  was published by @RTLnieuws: https://t.co/ZBDjUOSAc5 (135 RTs)
842983374952128500,pvda, 52.3731, 4.8932, 5 verified accounts helped to turn 'PvdA-voorzitter Spekman' into a Trending Topic. Some of them: @NUnl  @vrtderedactie &amp; @RTLnieuws
842983899764420600,pvda, 52.3731, 4.8932, ‚íà #SwallaVideo‚íâ Sharon Dijksma‚íä #TheOriginals‚íã #rodtwe‚íå PvdA-voorzitter Spekman2017/3/18 07:11 CET #trndnl https://t.co/tOVVBU3TJP
842988929213112300,pvda, 52.3731, 4.8932, ‚íà #SwallaVideo‚íâ Sharon Dijksma‚íä #TheOriginals‚íã #rodtwe‚íå PvdA-voorzitter Spekman2017/3/18 07:36 CET #trndnl https://t.co/tOVVBU3TJP
842989672510832600,pvda, 52.3731, 4.8932, Did you know that 'PvdA' was Trending Topic on Friday 17 for 14 hours in Netherlands? https://t.co/pTTE8CDyOF #trndnl
842993963258675200,pvda, 52.3731, 4.8932, ‚íà #SwallaVideo‚íâ Sharon Dijksma‚íä #TheOriginals‚íã #rodtwe‚íå PvdA-voorzitter Spekman2017/3/18 07:56 CET #trndnl https://t.co/tOVVBU3TJP
842998994007597000,pvda, 52.3731, 4.8932, ‚íà #echtepostiscool‚íâ #StPatricksDay‚íä #tostigate‚íã #PvdA‚íå De Ligt2017/3/18 08:16 CET #trndnl https://t.co/tOVVBU3TJP
843004024487997400,pvda, 52.3731, 4.8932, ‚íà #echtepostiscool‚íâ #tostigate‚íä #PvdA‚íã #TK17‚íå #dorvvv2017/3/18 08:36 CET #trndnl https://t.co/tOVVBU3TJP
843009087264571400,pvda, 52.3731, 4.8932, ‚íà #echtepostiscool‚íâ #tostigate‚íä #PvdA‚íã #TK17‚íå #dorvvv2017/3/18 08:56 CET #trndnl https://t.co/tOVVBU3TJP
843014094269513700,pvda, 52.3731, 4.8932, ‚íà #echtepostiscool‚íâ #matchday‚íä #tostigate‚íã #PvdA‚íå #dorvvv2017/3/18 09:16 CET #trndnl https://t.co/tOVVBU3TJP
843018188019392500,d66, 52.3731, 4.8922, Another beautiful day! #amsterdam #jvlifestyle @ Amsterdam  Netherlands https://t.co/D66ub66VYz
843048944884158500,pvv, 52.3731, 4.8922, Friozinho  chuvinha...Mas bom... √â Amsteram n√©?#amsterdam #holanda #netherlands @‚Ä¶ https://t.co/hapVvvsb9T
843068973147217900,d66, 52.36993215, 4.89030348, @ Amsterdam https://t.co/IdpdMd66NR
843184526935314400,vvd, 52.3731, 4.8932, Trend Alert: 'Aan Mark Rutte'. More trends at https://t.co/tOVVBU3TJP #trndnl https://t.co/DMt0LCcBkn
843185241032351700,vvd, 52.3731, 4.8932, @JeltjevanHouten the 1st mention of 'Aan Mark Rutte' appears on your TL. Now is Trending Topic in Netherlands! #trndnl
843185242252820500,vvd, 52.3731, 4.8932, 101 users and 102 tweets (88 RTs) in 22 hours made 'Aan Mark Rutte' a Trending Topic in Netherlands. #trndnl
843185243276234800,vvd, 52.3731, 4.8932, 75 919 people could have seen 'Aan Mark Rutte' since its 1st mention until it became a Trending Topic. #trndnl
843185244412903400,vvd, 52.3731, 4.8932, #Top3Apps for 'Aan Mark Rutte'Twitter for Android 33%Twitter for iPhone 27%Twitter Web Client 27%
843185245583155200,vvd, 52.3731, 4.8932, The tweet with the most impact of the 'Aan Mark Rutte' Trend  was published by @GerritHiemstra: https://t.co/43qL9IPc42 (38 RTs) #trndnl
843185271789174800,vvd, 52.3731, 4.8932, ‚íç #kassatv‚íé Sagan‚íè Chelsea‚íê Zwitserland‚íë Aan Mark Rutte2017/3/18 20:31 CET #trndnl https://t.co/tOVVBU3TJP
843190307843850200,vvd, 52.3731, 4.8932, ‚íç Bas Dost‚íé Sagan‚íè Chelsea‚íê Pieter Derks‚íë Aan Mark Rutte2017/3/18 20:56 CET #trndnl https://t.co/tOVVBU3TJP
843195339486113800,vvd, 52.3731, 4.8932, ‚íç Bas Dost‚íé Pieter Derks‚íè Sagan‚íê Chelsea‚íë Aan Mark Rutte2017/3/18 21:16 CET #trndnl https://t.co/tOVVBU3TJP
843200368293040100,vvd, 52.3731, 4.8932, ‚íç Bas Dost‚íé Pieter Derks‚íè Sagan‚íê Chelsea‚íë Aan Mark Rutte2017/3/18 21:31 CET #trndnl https://t.co/tOVVBU3TJP
843205412694323200,vvd, 52.3731, 4.8932, ‚íç Pieter Derks‚íé Bas Dost‚íè Sagan‚íê Aan Mark Rutte‚íë Tijmen Eising2017/3/18 21:51 CET #trndnl https://t.co/tOVVBU3TJP
843210440914145300,vvd, 52.3731, 4.8932, ‚íç Pieter Derks‚íé Bas Dost‚íè Roger Federer‚íê Sagan‚íë Aan Mark Rutte2017/3/18 22:16 CET #trndnl https://t.co/tOVVBTMiSh
843225529096454100,vvd, 52.3731, 4.8932, ‚íç Pieter Derks‚íé Bas Dost‚íè Indian Wells‚íê Zakaria Labyad‚íë Aan Mark Rutte2017/3/18 23:16 CET #trndnl https://t.co/tOVVBU3TJP
843230568393330700,vvd, 52.3731, 4.8932, ‚íç #necutr‚íé Pieter Derks‚íè Bas Dost‚íê Indian Wells‚íë Aan Mark Rutte2017/3/18 23:31 CET #trndnl https://t.co/tOVVBU3TJP
843391611635556400,pvv, 52.3731, 4.8932, ‚íç #necutr‚íé Heracles‚íè Bas Dost‚íê Arsenal‚íë Wilders-kiezers2017/3/19 10:15 CET #trndnl https://t.co/tOVVBU3TJP
843392100376895500,pvv, 52.3731, 4.8932, Trend Alert: 'Wilders-kiezers'. More trends at https://t.co/tOVVBU3TJP #trndnl https://t.co/yXiZXFpPno
843457248143851500,cda, 52.37807, 4.90118, ik heb al een tijdje geen q&amp;a gedaan dus: stel je leukste en meest orginele vragen ‚ú® @ Station‚Ä¶ https://t.co/SWInQWcdak
843529243715747800,cda, 52.3731, 4.8932, Trend Alert: 'CDA-senator Oomen'. More trends at https://t.co/tOVVBU3TJP #trndnl https://t.co/C1S2Gc9TBy
843529473261674500,cda, 52.3731, 4.8932, @Reinaert the 1st mention of 'CDA-senator Oomen' appears on your TL. Now is Trending Topic in Netherlands! #trndnl
843532524236169200,cda, 52.3731, 4.8932, ‚íç #gaepec‚íé CDA-senator Oomen‚íè Go Ahead‚íê Coolsingel‚íë Biesbosch2017/3/19 19:32 CET #trndnl https://t.co/tOVVBU3TJP
843537559925936100,cda, 52.3731, 4.8932, ‚íç CDA-senator Oomen‚íé Go Ahead‚íè Coolsingel‚íê Biesbosch‚íë Chuck Berry2017/3/19 19:57 CET #trndnl https://t.co/tOVVBU3TJP
843542597557674000,cda, 52.3731, 4.8932, ‚íç CDA-senator Oomen‚íé Sevilla‚íè Go Ahead‚íê Biesbosch‚íë Coolsingel2017/3/19 20:17 CET #trndnl https://t.co/tOVVBU3TJP
843547627601846300,cda, 52.3731, 4.8932, ‚íç Herman‚íé #MCILIV‚íè CDA-senator Oomen‚íê PEC Zwolle‚íë Sevilla2017/3/19 20:32 CET #trndnl https://t.co/tOVVBU3TJP
843552659772661800,cda, 52.3731, 4.8932, ‚íç #miljoenenjacht‚íé Marc‚íè #azado‚íê CDA-senator Oomen‚íë Sevilla2017/3/19 20:52 CET #trndnl https://t.co/tOVVBU3TJP
843828116350881800,cda, 52.3731, 4.8922, Hermosa üòç#SeVuelve @ Amsterdam  Netherlands https://t.co/CDaU4cGlQD
843869691630293000,cda, 52.36412531, 4.88316855, #amsterdam @ Leidseplein - Amsterdam Centrum https://t.co/KeKRfCDAE1
843907902893178900,vvd, 52.35870564, 4.80744988, I been looking forward to this for months #makingamurderer #jeromebuting #deanstrang Q&amp;A @‚Ä¶ https://t.co/J4D3VVdsla
844206402839203800,vvd, 52.3914301, 4.7797067, P 1 Voertuig te Water (Middel Duik)   Tijnmuiden Amsterdam [ 13VVD ] https://t.co/Mf8r1CgUSd #p2000
844299580699115500,sp, 52.3731, 4.8922, The 7 European houses in AmsterdamIn the middle of Roemer Visscherstraat  you can see 7 most‚Ä¶ https://t.co/Eu776SUGmY
844562368914952200,sgp, 52.3731, 4.8922, A bird in the museum #amsterdam #thenetherlands #holland #streetphotography #building‚Ä¶ https://t.co/bcmC7R6sgP
844625727513415700,vvd, 52.36181814, 4.9007065, @marjaruigrok @VVDAmsterdam @KajsaOllongren @GuusBakker1 over de stemming zelf weet ik ook niets. Er komt een brainstormsessie met ondern.
844629600990904300,sgp, 52.31375, 4.93771, Company party! #vodafoneziggo @ Ziggo Dome https://t.co/tqavsGpIWO
