837048850393227300, La la...nether...land @ Amsterdam Zaandam https://t.co/tsALvBLIWO, 52.42882131, 4.84003552, <a href="http://instagram.com" rel="nofollow">Instagram</a>, 95608843, nl, 1488402972206, , , 
837048912645062700, No more untangling! #airpods #finally #bluetooth #apple @ Stream My Event https://t.co/jGf77w8AlN, 52.38421, 4.90288, <a href="http://instagram.com" rel="nofollow">Instagram</a>, 22412317, en, 1488402987048, , , 
837049138172870700, Voor Recreatieschap Vinkeveense Plassen maakte wij deze clip ter ondersteuning voor de verkoopâ€¦ https://t.co/C7ZC4SCcsn, 52.24609117, 4.95388985, <a href="http://instagram.com" rel="nofollow">Instagram</a>, 6451892, nl, 1488403040818, , , 
837049304619577300, DESIGUAL BATHTUB ğŸ› #Amsterdam Â© nicolas_poillot #lloydhotel @ Lloyd Hotel Amsterdam https://t.co/2V9qdakDVu, 52.3742561, 4.9348596, <a href="http://instagram.com" rel="nofollow">Instagram</a>, 34675668, en, 1488403080502, , , 
837050031534403600, @ HÃ¼nkar U kunt een reserveringsaanvraag voor ons restaurant doen, door onderstaand formulier in te vullen. Uw re... https://t.co/NUK1Ovz7N3, 52.3784513, 4.8010183, <a href="http://www.frisowifi.com" rel="nofollow">Frisowifi</a>, 407016993, nl, 1488403253812, , , 
837050202083082200, Que los echaba de menos ğŸ˜³
ğŸ’›ğŸ’›ğŸ’›ğŸ’› @ Amsterdam, Netherlands https://t.co/dOviMBbmXI, 52.3731, 4.8922, <a href="http://instagram.com" rel="nofollow">Instagram</a>, 323272805, es, 1488403294474, , , 
837050229258076200, Birthday outfit ğŸ¸ğŸŒ®#amsterdam #dinner #outfit #bday #birthday #girl #velvet #suit #ootd #detailsâ€¦ https://t.co/sivRFkfkOb, 52.3731, 4.8922, <a href="http://instagram.com" rel="nofollow">Instagram</a>, 86066020, en, 1488403300953, , , 
837050562533290000, ZAANSTAD: Vermiljoenweg Zaandam. Helaas is de persoon nog niet aangetroffen. De politie heefdt de zaak in onderz https://t.co/imL0giOAHv, 52.44296054, 4.83627716, <a href="http://www.burgernet.nl" rel="nofollow">Burgernet Provincie NH Koppeling</a>, 819516859, nl, 1488403380412, , , 
837050597811572700, 25 years AI / Adobe Illustrator / Happy Bday / my favor took to work with ...  By Sarah PeÃ±aâ€¦ https://t.co/igMP8kcsQJ, 52.3731, 4.8922, <a href="http://instagram.com" rel="nofollow">Instagram</a>, 18934241, en, 1488403388823, , , 
837050602291081200, Zaanstad - Vermiljoenweg Zaandam. Helaas is de persoon nog niet aangetroffen. De politie heefdt de zaak in onderzo...https://t.co/uMChU6U5Qn, 52.44296054, 4.83627716, <a href="http://www.burgernetnl.nl" rel="nofollow">BurgernetNL App</a>, 1870524908, nl, 1488403389891, , , 
837050669148209200, Amsterdam by night #amsterdam #night #city #nofilter #love #movida #cicciogamer89 @ Amsterdam-Noord https://t.co/m64SsYVCDb, 52.39111, 4.91833, <a href="http://instagram.com" rel="nofollow">Instagram</a>, 372744846, nl, 1488403405831, , , 
837051010300461000, Every now and then you face a movement you haven't done since your childhood. Nausea withâ€¦ https://t.co/Zf2MgbzBbU, 52.29127, 4.68647, <a href="http://instagram.com" rel="nofollow">Instagram</a>, 2217144371, en, 1488403487168, , , 
837051075979014100, #Amsterdam ğŸ˜ğŸ˜
#solotravel
#redlightdistrict @ Ãnsterdan https://t.co/M8UbbXzo11, 52.36666667, 4.88333333, <a href="http://instagram.com" rel="nofollow">Instagram</a>, 401868307, es, 1488403502827, , , 
837051772946415600, Peace Up 

#streetart #urbanart #banksy #style #graffiti #art #downtown #amsterdam #canalâ€¦ https://t.co/ox8lfiiQE9, 52.36389, 4.89583, <a href="http://instagram.com" rel="nofollow">Instagram</a>, 46869431, en, 1488403668997, , , 
